appointment_id,patient_id,doctor_id,appointment_date
5001,41,1009,2026-05-13
5002,784,1027,2026-02-18
5003,299,1014,2026-04-12
5004,906,1018,2026-03-15
5005,473,1016,2026-04-19
5006,302,1026,2026-06-26
5007,530,1016,2026-04-29
5008,850,1005,2026-01-24
5009,740,1013,2026-02-16
5010,798,1004,2026-04-11
5011,424,1028,2026-04-26
5012,26,1013,2026-04-27
5013,605,1015,2026-04-27
5014,93,1006,2026-03-24
5015,709,1005,2026-02-01
5016,94,1024,2026-06-30
5017,461,1023,2026-01-22
5018,537,1008,2026-05-11
5019,627,1020,2026-04-07
5020,564,1014,2026-01-12
5021,787,1017,2026-03-27
5022,580,1008,2026-02-11
5023,890,1023,2026-02-15
5024,788,1015,2026-04-18
5025,316,1023,2026-04-25
5026,296,1005,2026-01-31
5027,921,1030,2026-02-21
5028,4,1016,2026-01-04
5029,470,1024,2026-05-08
5030,557,1009,2026-06-05
5031,904,1008,2026-03-02
5032,223,1016,2026-04-27
5033,420,1030,2026-01-21
5034,616,1005,2026-03-04
5035,904,1007,2026-06-08
5036,644,1020,2026-01-13
5037,190,1007,2026-01-15
5038,669,1007,2026-01-10
5039,149,1007,2026-06-20
5040,592,1017,2026-03-26
5041,943,1016,2026-01-13
5042,112,1022,2026-02-15
5043,166,1016,2026-06-06
5044,677,1020,2026-04-27
5045,768,1005,2026-01-10
5046,96,1016,2026-03-24
5047,378,1020,2026-01-18
5048,777,1016,2026-05-21
5049,67,1009,2026-05-01
5050,138,1008,2026-06-27
5051,881,1030,2026-03-26
5052,540,1005,2026-05-15
5053,215,1005,2026-06-06
5054,60,1016,2026-05-27
5055,748,1019,2026-05-04
5056,742,1010,2026-04-20
5057,624,1001,2026-03-08
5058,539,1005,2026-02-03
5059,630,1016,2026-05-14
5060,747,1016,2026-05-07
5061,828,1007,2026-06-06
5062,239,1004,2026-02-19
5063,2,1001,2026-01-07
5064,477,1010,2026-02-23
5065,819,1009,2026-04-16
5066,47,1030,2026-03-31
5067,574,1029,2026-01-03
5068,656,1030,2026-06-26
5069,289,1016,2026-01-18
5070,316,1023,2026-05-10
5071,564,1019,2026-01-02
5072,117,1008,2026-03-29
5073,406,1010,2026-02-14
5074,199,1022,2026-03-28
5075,945,1018,2026-05-02
5076,817,1009,2026-06-15
5077,140,1005,2026-02-09
5078,643,1021,2026-05-18
5079,918,1023,2026-04-29
5080,803,1016,2026-01-15
5081,856,1001,2026-05-25
5082,743,1005,2026-05-23
5083,549,1005,2026-02-23
5084,592,1019,2026-04-01
5085,68,1005,2026-03-13
5086,861,1005,2026-03-28
5087,385,1005,2026-05-27
5088,621,1012,2026-02-17
5089,610,1017,2026-03-20
5090,723,1016,2026-01-09
5091,279,1029,2026-01-23
5092,509,1009,2026-04-06
5093,463,1016,2026-02-25
5094,538,1016,2026-02-14
5095,115,1026,2026-01-10
5096,797,1030,2026-01-24
5097,455,1005,2026-05-04
5098,927,1030,2026-02-18
5099,349,1009,2026-05-15
5100,318,1005,2026-02-06
5101,788,1023,2026-05-13
5102,693,1015,2026-02-22
5103,742,1014,2026-04-28
5104,397,1005,2026-01-02
5105,319,1007,2026-06-25
5106,869,1025,2026-03-27
5107,479,1030,2026-01-27
5108,534,1029,2026-01-06
5109,592,1003,2026-06-13
5110,914,1015,2026-03-24
5111,206,1016,2026-03-15
5112,284,1005,2026-04-23
5113,688,1023,2026-03-11
5114,153,1005,2026-03-12
5115,118,1005,2026-06-09
5116,574,1028,2026-02-22
5117,556,1005,2026-05-21
5118,327,1016,2026-02-06
5119,966,1026,2026-05-27
5120,251,1009,2026-01-19
5121,319,1006,2026-05-19
5122,455,1005,2026-02-03
5123,30,1007,2026-06-22
5124,52,1030,2026-04-09
5125,56,1005,2026-04-20
5126,402,1012,2026-06-30
5127,611,1026,2026-06-07
5128,365,1024,2026-03-27
5129,838,1013,2026-06-21
5130,829,1016,2026-04-30
5131,582,1005,2026-01-24
5132,833,1027,2026-01-25
5133,467,1003,2026-06-25
5134,660,1014,2026-05-01
5135,238,1012,2026-02-06
5136,882,1017,2026-04-04
5137,402,1028,2026-06-29
5138,940,1015,2026-03-25
5139,465,1002,2026-01-08
5140,67,1027,2026-01-29
5141,360,1021,2026-04-29
5142,867,1030,2026-03-14
5143,787,1003,2026-06-04
5144,589,1010,2026-05-11
5145,106,1025,2026-01-28
5146,334,1008,2026-03-19
5147,546,1030,2026-04-13
5148,605,1022,2026-03-03
5149,636,1023,2026-05-21
5150,163,1006,2026-04-09
5151,68,1005,2026-02-23
5152,834,1004,2026-04-22
5153,581,1005,2026-05-20
5154,711,1016,2026-02-14
5155,679,1003,2026-05-27
5156,857,1027,2026-01-30
5157,607,1027,2026-03-25
5158,569,1017,2026-04-24
5159,181,1020,2026-04-14
5160,72,1005,2026-06-25
5161,834,1011,2026-03-25
5162,507,1005,2026-01-24
5163,223,1016,2026-05-29
5164,925,1016,2026-02-07
5165,677,1006,2026-04-26
5166,545,1002,2026-04-10
5167,631,1016,2026-02-20
5168,211,1023,2026-03-18
5169,584,1005,2026-04-22
5170,736,1016,2026-01-23
5171,597,1024,2026-06-06
5172,523,1005,2026-02-02
5173,873,1005,2026-01-16
5174,379,1013,2026-01-01
5175,721,1025,2026-01-29
5176,882,1019,2026-01-08
5177,241,1016,2026-06-29
5178,605,1022,2026-06-10
5179,326,1004,2026-04-14
5180,391,1011,2026-05-20
5181,217,1016,2026-05-02
5182,143,1007,2026-05-23
5183,394,1030,2026-04-17
5184,158,1002,2026-06-21
5185,129,1005,2026-01-03
5186,74,1022,2026-02-06
5187,739,1028,2026-06-18
5188,448,1005,2026-01-22
5189,141,1004,2026-04-27
5190,916,1011,2026-06-09
5191,185,1016,2026-05-11
5192,435,1005,2026-04-09
5193,364,1016,2026-02-17
5194,435,1005,2026-05-28
5195,511,1017,2026-05-09
5196,276,1016,2026-05-20
5197,591,1005,2026-01-09
5198,39,1002,2026-06-30
5199,378,1026,2026-05-29
5200,494,1014,2026-02-06
5201,748,1014,2026-04-30
5202,530,1016,2026-05-14
5203,912,1021,2026-03-04
5204,484,1006,2026-06-25
5205,649,1016,2026-06-06
5206,55,1015,2026-05-17
5207,798,1009,2026-05-01
5208,465,1014,2026-05-27
5209,752,1027,2026-04-18
5210,362,1028,2026-03-16
5211,172,1030,2026-06-27
5212,946,1016,2026-05-25
5213,267,1006,2026-06-11
5214,485,1024,2026-05-27
5215,53,1020,2026-06-09
5216,28,1021,2026-05-05
5217,85,1004,2026-05-10
5218,79,1013,2026-03-06
5219,136,1027,2026-03-12
5220,879,1025,2026-01-04
5221,760,1012,2026-06-04
5222,179,1023,2026-06-18
5223,458,1012,2026-02-14
5224,268,1019,2026-05-05
5225,186,1022,2026-03-29
5226,87,1016,2026-06-02
5227,957,1016,2026-05-07
5228,771,1026,2026-04-09
5229,244,1021,2026-06-13
5230,172,1015,2026-05-28
5231,752,1001,2026-01-14
5232,658,1016,2026-01-30
5233,54,1007,2026-04-29
5234,409,1007,2026-03-19
5235,488,1016,2026-04-08
5236,700,1016,2026-05-02
5237,269,1020,2026-05-16
5238,892,1016,2026-01-04
5239,296,1005,2026-04-08
5240,695,1005,2026-05-16
5241,700,1016,2026-01-25
5242,940,1013,2026-04-21
5243,626,1005,2026-03-27
5244,277,1016,2026-01-26
5245,262,1005,2026-04-29
5246,792,1016,2026-06-22
5247,603,1026,2026-05-14
5248,346,1008,2026-03-22
5249,561,1012,2026-06-22
5250,9,1004,2026-01-04
5251,422,1014,2026-05-15
5252,107,1008,2026-03-31
5253,225,1016,2026-03-06
5254,198,1005,2026-01-07
5255,635,1029,2026-01-15
5256,962,1019,2026-06-03
5257,654,1006,2026-01-31
5258,89,1016,2026-04-07
5259,673,1005,2026-01-29
5260,713,1005,2026-03-06
5261,302,1020,2026-06-19
5262,959,1018,2026-06-13
5263,465,1014,2026-04-20
5264,709,1005,2026-03-07
5265,166,1016,2026-03-12
5266,796,1003,2026-04-08
5267,398,1021,2026-01-16
5268,265,1016,2026-02-15
5269,452,1026,2026-05-06
5270,951,1022,2026-06-06
5271,403,1011,2026-06-15
5272,504,1005,2026-02-06
5273,554,1009,2026-02-25
5274,629,1009,2026-04-24
5275,733,1016,2026-01-27
5276,36,1020,2026-01-19
5277,586,1016,2026-04-25
5278,20,1023,2026-02-08
5279,669,1008,2026-01-10
5280,681,1016,2026-03-10
5281,156,1005,2026-04-11
5282,589,1010,2026-05-12
5283,725,1016,2026-05-03
5284,447,1009,2026-01-18
5285,554,1028,2026-01-01
5286,394,1015,2026-02-01
5287,581,1005,2026-03-27
5288,699,1028,2026-04-13
5289,57,1005,2026-04-04
5290,548,1028,2026-01-21
5291,862,1018,2026-03-16
5292,664,1001,2026-02-15
5293,568,1023,2026-04-09
5294,677,1026,2026-03-18
5295,713,1005,2026-01-28
5296,646,1025,2026-05-05
5297,87,1016,2026-02-18
5298,144,1019,2026-02-19
5299,26,1015,2026-05-06
5300,399,1005,2026-05-19
5301,659,1014,2026-05-08
5302,547,1015,2026-01-05
5303,38,1027,2026-01-15
5304,346,1007,2026-04-14
5305,122,1015,2026-06-17
5306,684,1017,2026-06-23
5307,892,1016,2026-05-29
5308,239,1009,2026-01-10
5309,754,1005,2026-05-06
5310,670,1023,2026-05-01
5311,929,1016,2026-03-04
5312,719,1010,2026-01-04
5313,177,1016,2026-03-20
5314,841,1008,2026-04-27
5315,626,1005,2026-06-01
5316,66,1029,2026-01-30
5317,510,1009,2026-01-17
5318,824,1012,2026-04-20
5319,346,1021,2026-03-25
5320,124,1005,2026-03-24
5321,857,1012,2026-01-12
5322,608,1018,2026-03-27
5323,65,1007,2026-03-12
5324,145,1005,2026-02-13
5325,714,1030,2026-05-22
5326,169,1016,2026-03-04
5327,948,1022,2026-02-04
5328,103,1026,2026-02-10
5329,17,1016,2026-01-21
5330,7,1022,2026-02-15
5331,949,1026,2026-06-30
5332,668,1025,2026-04-17
5333,711,1016,2026-06-27
5334,130,1026,2026-02-06
5335,656,1025,2026-05-14
5336,462,1005,2026-03-03
5337,961,1005,2026-06-06
5338,709,1005,2026-06-02
5339,185,1016,2026-06-06
5340,974,1021,2026-06-10
5341,847,1016,2026-03-31
5342,429,1004,2026-05-23
5343,242,1014,2026-01-31
5344,543,1016,2026-06-08
5345,371,1016,2026-04-29
5346,789,1015,2026-03-12
5347,55,1023,2026-01-29
5348,816,1009,2026-06-25
5349,865,1016,2026-05-08
5350,181,1020,2026-06-21
5351,945,1014,2026-01-14
5352,661,1016,2026-03-14
5353,215,1005,2026-03-06
5354,343,1007,2026-01-12
5355,107,1007,2026-05-18
5356,181,1020,2026-01-08
5357,497,1008,2026-01-19
5358,917,1021,2026-04-24
5359,607,1027,2026-04-18
5360,204,1005,2026-02-28
5361,798,1011,2026-03-25
5362,234,1012,2026-03-02
5363,756,1016,2026-02-21
5364,385,1005,2026-01-19
5365,483,1030,2026-01-14
5366,912,1026,2026-02-07
5367,222,1015,2026-02-15
5368,397,1005,2026-02-04
5369,469,1015,2026-06-11
5370,368,1028,2026-02-21
5371,344,1016,2026-01-09
5372,709,1005,2026-03-13
5373,140,1005,2026-04-30
5374,470,1010,2026-02-13
5375,779,1029,2026-02-26
5376,908,1005,2026-06-04
5377,161,1015,2026-05-28
5378,994,1011,2026-01-23
5379,422,1010,2026-02-25
5380,606,1027,2026-04-29
5381,286,1027,2026-04-20
5382,754,1005,2026-03-05
5383,336,1005,2026-05-29
5384,228,1017,2026-05-27
5385,920,1019,2026-04-17
5386,46,1023,2026-05-01
5387,752,1001,2026-04-19
5388,544,1023,2026-05-03
5389,830,1011,2026-04-26
5390,508,1007,2026-01-22
5391,572,1005,2026-06-27
5392,750,1015,2026-02-25
5393,136,1012,2026-03-17
5394,245,1016,2026-01-05
5395,492,1022,2026-02-11
5396,721,1025,2026-05-27
5397,766,1004,2026-04-27
5398,475,1026,2026-06-30
5399,416,1005,2026-04-05
5400,642,1017,2026-06-30
5401,649,1016,2026-06-10
5402,73,1014,2026-06-26
5403,341,1014,2026-03-17
5404,437,1019,2026-06-28
5405,969,1016,2026-06-25
5406,83,1023,2026-01-15
5407,528,1005,2026-01-14
5408,114,1026,2026-04-04
5409,477,1014,2026-04-04
5410,376,1007,2026-06-15
5411,573,1006,2026-05-24
5412,727,1013,2026-02-05
5413,343,1007,2026-05-19
5414,117,1020,2026-05-29
5415,893,1019,2026-02-27
5416,329,1016,2026-03-10
5417,516,1021,2026-03-12
5418,56,1005,2026-04-06
5419,354,1015,2026-05-05
5420,514,1022,2026-05-01
5421,727,1013,2026-04-26
5422,636,1025,2026-06-22
5423,969,1016,2026-02-18
5424,914,1015,2026-01-23
5425,83,1023,2026-02-15
5426,296,1005,2026-01-28
5427,169,1016,2026-01-29
5428,714,1023,2026-05-08
5429,155,1013,2026-05-14
5430,975,1005,2026-03-17
5431,427,1019,2026-05-02
5432,356,1016,2026-04-24
5433,756,1016,2026-03-16
5434,194,1016,2026-01-06
5435,893,1019,2026-05-14
5436,661,1016,2026-04-16
5437,593,1005,2026-06-17
5438,662,1025,2026-05-05
5439,608,1002,2026-04-28
5440,312,1013,2026-03-20
5441,176,1012,2026-02-28
5442,496,1021,2026-03-15
5443,789,1030,2026-02-07
5444,362,1001,2026-04-27
5445,980,1008,2026-06-08
5446,947,1006,2026-05-18
5447,293,1012,2026-02-14
5448,860,1009,2026-02-11
5449,244,1008,2026-01-11
5450,325,1016,2026-04-23
5451,267,1021,2026-02-17
5452,211,1022,2026-06-20
5453,325,1016,2026-02-07
5454,382,1011,2026-05-19
5455,999,1024,2026-05-17
5456,309,1016,2026-01-07
5457,415,1004,2026-02-07
5458,971,1030,2026-03-23
5459,160,1017,2026-05-20
5460,1000,1022,2026-06-15
5461,723,1016,2026-05-02
5462,918,1023,2026-05-27
5463,683,1029,2026-05-25
5464,747,1016,2026-03-28
5465,706,1016,2026-05-03
5466,922,1030,2026-02-05
5467,695,1005,2026-03-20
5468,26,1013,2026-06-08
5469,862,1019,2026-04-25
5470,366,1015,2026-03-25
5471,57,1005,2026-05-30
5472,540,1005,2026-03-13
5473,201,1005,2026-01-22
5474,552,1005,2026-06-23
5475,688,1022,2026-05-12
5476,404,1004,2026-05-06
5477,326,1009,2026-06-20
5478,370,1013,2026-02-07
5479,734,1016,2026-04-05
5480,396,1030,2026-01-04
5481,292,1005,2026-03-31
5482,316,1013,2026-05-24
5483,90,1023,2026-04-24
5484,760,1028,2026-04-24
5485,296,1005,2026-04-19
5486,747,1016,2026-02-05
5487,856,1001,2026-02-06
5488,213,1014,2026-05-02
5489,889,1003,2026-01-17
5490,956,1008,2026-01-23
5491,7,1013,2026-06-13
5492,937,1006,2026-04-17
5493,180,1016,2026-05-26
5494,774,1006,2026-02-21
5495,191,1014,2026-03-16
5496,568,1015,2026-01-11
5497,843,1016,2026-05-30
5498,312,1022,2026-05-24
5499,758,1016,2026-02-27
5500,28,1006,2026-02-09
5501,269,1007,2026-06-13
5502,855,1030,2026-02-01
5503,670,1023,2026-04-17
5504,184,1016,2026-06-26
5505,661,1016,2026-01-08
5506,123,1021,2026-05-07
5507,994,1004,2026-06-03
5508,764,1014,2026-05-29
5509,493,1005,2026-03-08
5510,644,1006,2026-06-27
5511,838,1025,2026-04-06
5512,525,1005,2026-03-08
5513,167,1005,2026-02-07
5514,328,1005,2026-06-27
5515,139,1022,2026-02-11
5516,55,1015,2026-04-03
5517,430,1015,2026-01-13
5518,297,1016,2026-05-16
5519,655,1005,2026-05-12
5520,199,1030,2026-01-25
5521,614,1010,2026-05-20
5522,331,1025,2026-06-25
5523,820,1029,2026-03-11
5524,702,1014,2026-01-25
5525,548,1029,2026-02-06
5526,14,1016,2026-05-13
5527,289,1016,2026-05-05
5528,422,1017,2026-02-11
5529,105,1011,2026-02-09
5530,516,1021,2026-02-18
5531,815,1018,2026-04-17
5532,472,1005,2026-01-30
5533,839,1011,2026-01-05
5534,492,1025,2026-03-21
5535,708,1003,2026-02-05
5536,837,1003,2026-06-02
5537,536,1029,2026-02-14
5538,727,1013,2026-01-08
5539,763,1008,2026-02-26
5540,132,1001,2026-06-26
5541,233,1015,2026-02-02
5542,215,1005,2026-01-21
5543,436,1026,2026-01-20
5544,20,1013,2026-04-21
5545,44,1016,2026-01-28
5546,34,1005,2026-05-01
5547,122,1022,2026-01-12
5548,68,1005,2026-06-20
5549,11,1020,2026-02-01
5550,943,1016,2026-05-31
5551,923,1015,2026-02-17
5552,687,1027,2026-01-08
5553,93,1007,2026-03-13
5554,972,1016,2026-04-01
5555,165,1003,2026-05-10
5556,584,1005,2026-01-26
5557,840,1026,2026-05-16
5558,223,1016,2026-03-14
5559,176,1004,2026-01-26
5560,947,1026,2026-05-10
5561,872,1021,2026-04-04
5562,715,1018,2026-04-23
5563,690,1016,2026-02-16
5564,855,1030,2026-04-08
5565,435,1005,2026-05-12
5566,234,1011,2026-01-29
5567,780,1028,2026-02-01
5568,478,1005,2026-05-14
5569,140,1005,2026-04-03
5570,722,1005,2026-05-23
5571,740,1015,2026-01-22
5572,336,1005,2026-01-30
5573,395,1025,2026-04-27
5574,615,1005,2026-06-25
5575,1000,1025,2026-02-27
5576,568,1023,2026-03-16
5577,876,1016,2026-02-18
5578,878,1019,2026-05-02
5579,962,1024,2026-02-15
5580,14,1016,2026-06-22
5581,108,1010,2026-04-23
5582,536,1012,2026-01-31
5583,147,1016,2026-04-13
5584,712,1014,2026-02-13
5585,67,1001,2026-02-20
5586,347,1016,2026-06-02
5587,865,1016,2026-02-01
5588,239,1009,2026-05-08
5589,286,1029,2026-06-14
5590,966,1006,2026-04-02
5591,488,1016,2026-05-05
5592,524,1016,2026-02-07
5593,787,1003,2026-01-28
5594,126,1020,2026-05-06
5595,510,1011,2026-06-10
5596,966,1006,2026-01-08
5597,102,1003,2026-01-18
5598,511,1019,2026-02-15
5599,392,1005,2026-02-09
5600,311,1006,2026-01-20
5601,677,1026,2026-04-30
5602,207,1001,2026-06-19
5603,510,1028,2026-05-10
5604,268,1010,2026-05-19
5605,560,1003,2026-01-09
5606,441,1016,2026-04-09
5607,461,1015,2026-04-07
5608,454,1004,2026-01-10
5609,34,1005,2026-05-23
5610,676,1007,2026-06-30
5611,169,1016,2026-04-21
5612,138,1007,2026-04-10
5613,500,1029,2026-05-26
5614,692,1016,2026-06-18
5615,568,1013,2026-05-02
5616,576,1024,2026-05-10
5617,58,1030,2026-03-09
5618,507,1005,2026-06-07
5619,693,1030,2026-03-14
5620,329,1016,2026-01-08
5621,605,1015,2026-02-02
5622,858,1016,2026-03-31
5623,829,1016,2026-06-10
5624,350,1003,2026-01-25
5625,439,1010,2026-04-02
5626,422,1017,2026-01-15
5627,678,1003,2026-03-05
5628,241,1016,2026-06-01
5629,87,1016,2026-03-20
5630,118,1005,2026-02-13
5631,21,1016,2026-01-10
5632,472,1005,2026-05-26
5633,528,1005,2026-03-10
5634,21,1016,2026-05-31
5635,23,1005,2026-04-07
5636,585,1009,2026-03-24
5637,587,1017,2026-05-06
5638,103,1007,2026-03-28
5639,509,1027,2026-02-12
5640,630,1016,2026-04-04
5641,993,1011,2026-02-21
5642,509,1001,2026-05-18
5643,220,1013,2026-03-09
5644,49,1005,2026-05-27
5645,412,1024,2026-06-09
5646,761,1013,2026-05-29
5647,98,1030,2026-03-11
5648,69,1005,2026-04-20
5649,215,1005,2026-01-20
5650,668,1030,2026-05-10
5651,824,1009,2026-04-21
5652,680,1002,2026-02-21
5653,425,1015,2026-03-06
5654,640,1006,2026-06-21
5655,782,1026,2026-01-05
5656,643,1021,2026-05-28
5657,512,1017,2026-06-19
5658,986,1011,2026-03-10
5659,960,1016,2026-05-25
5660,745,1004,2026-05-14
5661,206,1016,2026-04-29
5662,152,1005,2026-02-08
5663,765,1016,2026-04-22
5664,421,1004,2026-01-17
5665,650,1005,2026-04-16
5666,274,1021,2026-06-15
5667,165,1017,2026-06-25
5668,616,1005,2026-04-14
5669,245,1016,2026-02-08
5670,197,1027,2026-03-04
5671,817,1009,2026-04-29
5672,498,1016,2026-04-19
5673,663,1013,2026-02-21
5674,164,1014,2026-02-04
5675,30,1006,2026-03-13
5676,675,1027,2026-06-14
5677,873,1005,2026-05-05
5678,802,1030,2026-01-15
5679,881,1013,2026-03-22
5680,617,1013,2026-01-17
5681,923,1013,2026-04-04
5682,688,1015,2026-04-12
5683,966,1021,2026-03-02
5684,115,1026,2026-05-14
5685,681,1016,2026-05-08
5686,906,1010,2026-03-02
5687,615,1005,2026-03-22
5688,338,1016,2026-03-02
5689,958,1010,2026-02-25
5690,148,1007,2026-02-14
5691,220,1015,2026-04-23
5692,419,1021,2026-05-31
5693,58,1025,2026-05-17
5694,384,1021,2026-03-23
5695,559,1005,2026-05-02
5696,700,1016,2026-03-13
5697,901,1011,2026-04-03
5698,487,1005,2026-03-20
5699,22,1005,2026-06-19
5700,819,1004,2026-06-26
5701,940,1013,2026-03-06
5702,566,1017,2026-03-21
5703,655,1005,2026-06-25
5704,125,1006,2026-04-24
5705,398,1006,2026-04-11
5706,950,1028,2026-03-19
5707,93,1020,2026-03-18
5708,216,1016,2026-04-23
5709,647,1003,2026-06-14
5710,417,1022,2026-03-12
5711,888,1016,2026-05-06
5712,483,1022,2026-03-27
5713,735,1002,2026-01-26
5714,845,1006,2026-06-28
5715,268,1002,2026-04-01
5716,431,1005,2026-04-27
5717,712,1024,2026-01-14
5718,657,1013,2026-06-11
5719,455,1005,2026-01-01
5720,411,1016,2026-06-10
5721,313,1007,2026-05-28
5722,85,1027,2026-02-10
5723,256,1013,2026-06-02
5724,703,1011,2026-03-23
5725,463,1016,2026-02-04
5726,267,1008,2026-06-25
5727,608,1014,2026-03-14
5728,204,1005,2026-04-17
5729,377,1014,2026-04-11
5730,898,1025,2026-05-27
5731,230,1005,2026-01-06
5732,946,1016,2026-01-23
5733,998,1030,2026-02-20
5734,269,1020,2026-01-13
5735,411,1016,2026-06-03
5736,267,1020,2026-01-23
5737,982,1005,2026-02-13
5738,970,1008,2026-01-04
5739,736,1016,2026-04-27
5740,848,1016,2026-01-31
5741,230,1005,2026-02-18
5742,969,1016,2026-03-15
5743,765,1016,2026-04-08
5744,134,1019,2026-02-22
5745,615,1005,2026-03-14
5746,745,1011,2026-04-18
5747,185,1016,2026-02-07
5748,30,1008,2026-03-09
5749,242,1019,2026-03-05
5750,379,1013,2026-01-22
5751,11,1021,2026-02-04
5752,893,1014,2026-06-27
5753,408,1028,2026-04-09
5754,726,1005,2026-06-02
5755,263,1021,2026-01-25
5756,571,1005,2026-01-14
5757,341,1024,2026-05-01
5758,931,1005,2026-06-05
5759,962,1018,2026-01-02
5760,260,1017,2026-03-19
5761,405,1016,2026-02-03
5762,992,1005,2026-05-29
5763,184,1016,2026-02-13
5764,516,1008,2026-03-28
5765,899,1026,2026-02-03
5766,92,1030,2026-05-16
5767,444,1005,2026-03-08
5768,120,1006,2026-01-12
5769,131,1005,2026-03-13
5770,766,1028,2026-04-21
5771,290,1005,2026-06-06
5772,850,1005,2026-05-13
5773,321,1003,2026-02-12
5774,324,1020,2026-02-08
5775,570,1004,2026-01-14
5776,194,1016,2026-01-14
5777,236,1007,2026-01-10
5778,482,1005,2026-02-11
5779,723,1016,2026-04-22
5780,119,1030,2026-01-11
5781,453,1014,2026-05-24
5782,497,1021,2026-05-07
5783,116,1019,2026-02-01
5784,358,1016,2026-02-22
5785,890,1023,2026-02-16
5786,855,1025,2026-05-11
5787,843,1016,2026-05-25
5788,913,1003,2026-05-30
5789,995,1003,2026-05-15
5790,786,1013,2026-04-17
5791,943,1016,2026-03-05
5792,787,1003,2026-06-23
5793,97,1017,2026-01-07
5794,292,1005,2026-04-11
5795,383,1007,2026-03-24
5796,158,1024,2026-01-21
5797,472,1005,2026-04-27
5798,644,1020,2026-06-02
5799,674,1015,2026-03-26
5800,994,1011,2026-06-17
5801,638,1005,2026-03-25
5802,971,1030,2026-02-24
5803,884,1012,2026-06-14
5804,290,1005,2026-01-15
5805,762,1022,2026-05-21
5806,975,1005,2026-01-24
5807,409,1007,2026-02-15
5808,246,1001,2026-01-23
5809,22,1005,2026-02-11
5810,398,1026,2026-03-14
5811,663,1022,2026-01-31
5812,306,1016,2026-04-21
5813,754,1005,2026-06-25
5814,618,1003,2026-04-02
5815,682,1016,2026-04-05
5816,525,1005,2026-05-06
5817,457,1023,2026-05-02
5818,275,1016,2026-01-24
5819,775,1009,2026-04-05
5820,629,1011,2026-04-22
5821,646,1013,2026-01-24
5822,42,1030,2026-04-29
5823,693,1015,2026-06-15
5824,703,1001,2026-05-07
5825,540,1005,2026-03-16
5826,480,1029,2026-01-21
5827,929,1016,2026-03-18
5828,153,1005,2026-06-25
5829,925,1016,2026-03-05
5830,536,1027,2026-03-17
5831,583,1027,2026-05-22
5832,79,1022,2026-05-12
5833,111,1010,2026-04-16
5834,97,1024,2026-06-19
5835,738,1022,2026-04-01
5836,261,1018,2026-05-09
5837,17,1016,2026-06-19
5838,474,1027,2026-02-16
5839,864,1016,2026-01-12
5840,86,1024,2026-06-30
5841,305,1022,2026-05-31
5842,742,1010,2026-06-21
5843,461,1015,2026-03-29
5844,990,1027,2026-02-24
5845,190,1006,2026-06-04
5846,266,1013,2026-04-22
5847,548,1028,2026-01-02
5848,405,1016,2026-01-04
5849,176,1012,2026-04-28
5850,709,1005,2026-06-18
5851,989,1007,2026-03-19
5852,634,1001,2026-06-26
5853,690,1016,2026-03-19
5854,90,1013,2026-02-04
5855,15,1005,2026-01-29
5856,836,1028,2026-06-28
5857,994,1012,2026-01-07
5858,215,1005,2026-06-16
5859,149,1006,2026-04-22
5860,863,1006,2026-01-23
5861,309,1016,2026-02-07
5862,486,1005,2026-01-06
5863,120,1021,2026-02-09
5864,757,1028,2026-05-05
5865,483,1013,2026-04-26
5866,600,1008,2026-02-21
5867,302,1008,2026-01-14
5868,342,1014,2026-01-27
5869,646,1023,2026-04-17
5870,869,1015,2026-05-29
5871,611,1006,2026-01-10
5872,500,1012,2026-05-05
5873,526,1003,2026-03-01
5874,732,1013,2026-05-16
5875,20,1022,2026-05-28
5876,324,1021,2026-03-10
5877,915,1005,2026-05-02
5878,120,1020,2026-06-09
5879,962,1017,2026-04-25
5880,715,1024,2026-01-06
5881,166,1016,2026-02-19
5882,481,1002,2026-04-23
5883,238,1004,2026-05-31
5884,931,1005,2026-06-04
5885,874,1015,2026-02-03
5886,905,1005,2026-04-10
5887,983,1019,2026-06-22
5888,669,1007,2026-05-01
5889,819,1004,2026-06-09
5890,213,1024,2026-06-26
5891,768,1005,2026-06-20
5892,495,1029,2026-02-14
5893,205,1007,2026-06-05
5894,504,1005,2026-04-17
5895,966,1021,2026-03-19
5896,241,1016,2026-05-23
5897,49,1005,2026-04-02
5898,903,1027,2026-04-02
5899,694,1025,2026-02-14
5900,848,1016,2026-01-17
5901,346,1007,2026-01-30
5902,633,1005,2026-01-31
5903,576,1002,2026-05-05
5904,265,1016,2026-04-01
5905,788,1015,2026-05-23
5906,274,1008,2026-06-26
5907,895,1013,2026-06-30
5908,52,1015,2026-04-28
5909,986,1009,2026-01-28
5910,801,1003,2026-05-24
5911,43,1005,2026-02-12
5912,646,1025,2026-02-22
5913,933,1022,2026-02-10
5914,746,1016,2026-04-24
5915,781,1005,2026-01-26
5916,158,1024,2026-03-27
5917,839,1027,2026-02-01
5918,869,1022,2026-04-23
5919,993,1001,2026-01-02
5920,252,1015,2026-03-29
5921,294,1030,2026-01-22
5922,273,1016,2026-04-17
5923,370,1013,2026-02-08
5924,772,1023,2026-02-28
5925,142,1018,2026-04-16
5926,941,1005,2026-04-28
5927,975,1005,2026-01-08
5928,454,1001,2026-01-03
5929,735,1019,2026-01-22
5930,347,1016,2026-04-13
5931,791,1022,2026-04-22
5932,63,1009,2026-01-10
5933,677,1007,2026-05-28
5934,60,1016,2026-04-18
5935,412,1018,2026-03-22
5936,932,1005,2026-01-03
5937,847,1016,2026-05-16
5938,626,1005,2026-06-29
5939,414,1018,2026-06-14
5940,211,1013,2026-06-28
5941,354,1023,2026-02-20
5942,903,1009,2026-01-22
5943,38,1004,2026-04-10
5944,743,1005,2026-05-14
5945,554,1009,2026-02-24
5946,96,1016,2026-05-14
5947,349,1027,2026-01-06
5948,29,1005,2026-03-03
5949,853,1016,2026-04-19
5950,518,1005,2026-01-16
5951,862,1002,2026-03-08
5952,643,1007,2026-02-01
5953,49,1005,2026-04-25
5954,306,1016,2026-04-27
5955,348,1005,2026-05-29
5956,580,1007,2026-03-31
5957,307,1016,2026-06-20
5958,804,1016,2026-04-07
5959,533,1012,2026-01-27
5960,336,1005,2026-04-03
5961,466,1020,2026-02-07
5962,729,1008,2026-04-16
5963,84,1012,2026-01-16
5964,436,1020,2026-05-02
5965,220,1030,2026-01-20
5966,379,1023,2026-05-31
5967,573,1020,2026-03-09
5968,599,1016,2026-06-12
5969,434,1016,2026-06-26
5970,954,1021,2026-04-17
5971,844,1016,2026-02-06
5972,518,1005,2026-05-05
5973,729,1026,2026-02-03
5974,992,1005,2026-06-27
5975,218,1024,2026-05-02
5976,34,1005,2026-05-24
5977,379,1015,2026-06-04
5978,873,1005,2026-01-29
5979,124,1005,2026-05-27
5980,297,1016,2026-05-14
5981,157,1017,2026-04-06
5982,313,1006,2026-03-19
5983,302,1008,2026-01-08
5984,811,1028,2026-02-06
5985,803,1016,2026-01-13
5986,960,1016,2026-03-14
5987,221,1005,2026-05-06
5988,3,1007,2026-05-21
5989,358,1016,2026-01-12
5990,428,1017,2026-05-27
5991,318,1005,2026-03-28
5992,801,1024,2026-05-02
5993,855,1023,2026-02-05
5994,517,1025,2026-04-26
5995,684,1017,2026-02-08
5996,888,1016,2026-01-23
5997,820,1027,2026-04-10
5998,239,1028,2026-03-28
5999,554,1004,2026-06-21
6000,912,1021,2026-03-13
6001,662,1013,2026-02-12
6002,725,1016,2026-05-27
6003,646,1023,2026-05-24
6004,661,1016,2026-06-14
6005,573,1007,2026-02-19
6006,979,1008,2026-05-26
6007,535,1013,2026-05-02
6008,515,1028,2026-01-31
6009,675,1011,2026-01-05
6010,282,1009,2026-03-04
6011,850,1005,2026-01-22
6012,827,1002,2026-04-13
6013,604,1030,2026-05-06
6014,883,1005,2026-03-29
6015,448,1005,2026-04-17
6016,25,1008,2026-04-08
6017,264,1008,2026-01-30
6018,102,1017,2026-03-15
6019,148,1008,2026-03-07
6020,787,1019,2026-02-09
6021,315,1029,2026-06-23
6022,174,1008,2026-06-07
6023,985,1017,2026-02-16
6024,28,1020,2026-03-18
6025,400,1028,2026-03-23
6026,146,1012,2026-03-24
6027,265,1016,2026-01-31
6028,54,1006,2026-03-03
6029,771,1008,2026-05-07
6030,521,1023,2026-01-30
6031,276,1016,2026-03-23
6032,476,1004,2026-01-17
6033,496,1008,2026-04-15
6034,649,1016,2026-01-05
6035,276,1016,2026-03-05
6036,782,1021,2026-03-19
6037,582,1005,2026-04-25
6038,86,1024,2026-02-06
6039,383,1008,2026-03-04
6040,551,1005,2026-05-23
6041,463,1016,2026-01-01
6042,833,1011,2026-06-08
6043,297,1016,2026-01-01
6044,62,1023,2026-03-11
6045,613,1017,2026-06-24
6046,390,1005,2026-06-11
6047,218,1014,2026-01-12
6048,166,1016,2026-03-18
6049,92,1030,2026-06-28
6050,126,1007,2026-05-23
6051,287,1016,2026-02-23
6052,626,1005,2026-06-24
6053,969,1016,2026-06-12
6054,268,1019,2026-03-11
6055,252,1030,2026-03-29
6056,216,1016,2026-06-03
6057,337,1028,2026-06-27
6058,137,1024,2026-06-05
6059,488,1016,2026-01-03
6060,689,1005,2026-04-16
6061,570,1009,2026-04-11
6062,552,1005,2026-06-16
6063,667,1016,2026-05-18
6064,32,1001,2026-06-22
6065,127,1030,2026-04-07
6066,848,1016,2026-04-10
6067,182,1001,2026-02-01
6068,474,1009,2026-02-19
6069,456,1010,2026-02-26
6070,761,1030,2026-03-13
6071,697,1007,2026-02-19
6072,93,1020,2026-02-26
6073,240,1005,2026-04-03
6074,38,1028,2026-05-07
6075,927,1022,2026-01-02
6076,201,1005,2026-01-29
6077,891,1016,2026-05-26
6078,513,1018,2026-02-13
6079,566,1024,2026-06-18
6080,757,1009,2026-01-17
6081,603,1021,2026-01-17
6082,131,1005,2026-05-26
6083,877,1006,2026-05-14
6084,747,1016,2026-02-19
6085,869,1013,2026-06-27
6086,695,1005,2026-06-24
6087,574,1004,2026-01-01
6088,961,1005,2026-06-14
6089,690,1016,2026-03-24
6090,443,1007,2026-03-12
6091,125,1008,2026-05-07
6092,371,1016,2026-02-27
6093,49,1005,2026-04-18
6094,546,1013,2026-03-22
6095,6,1005,2026-02-19
6096,343,1007,2026-05-27
6097,828,1007,2026-02-27
6098,707,1005,2026-01-20
6099,940,1013,2026-02-20
6100,169,1016,2026-03-21
6101,65,1020,2026-01-08
6102,492,1023,2026-01-07
6103,607,1004,2026-03-06
6104,254,1020,2026-05-02
6105,245,1016,2026-01-14
6106,842,1016,2026-05-14
6107,814,1015,2026-01-19
6108,795,1006,2026-01-25
6109,641,1004,2026-05-29
6110,128,1016,2026-01-16
6111,939,1016,2026-04-07
6112,321,1002,2026-02-02
6113,64,1027,2026-01-15
6114,309,1016,2026-01-17
6115,105,1027,2026-05-24
6116,54,1021,2026-04-08
6117,412,1014,2026-06-08
6118,771,1007,2026-03-01
6119,886,1005,2026-04-27
6120,394,1022,2026-04-20
6121,902,1006,2026-03-28
6122,667,1016,2026-04-27
6123,530,1016,2026-05-31
6124,198,1005,2026-01-27
6125,13,1008,2026-06-01
6126,809,1010,2026-05-27
6127,130,1020,2026-04-01
6128,432,1007,2026-06-08
6129,456,1002,2026-03-04
6130,141,1027,2026-01-16
6131,131,1005,2026-05-30
6132,447,1028,2026-03-21
6133,598,1005,2026-02-07
6134,481,1019,2026-06-04
6135,352,1008,2026-04-05
6136,994,1009,2026-05-13
6137,601,1005,2026-01-15
6138,244,1008,2026-04-19
6139,353,1023,2026-02-21
6140,656,1022,2026-01-18
6141,350,1002,2026-06-20
6142,488,1016,2026-06-03
6143,710,1019,2026-05-29
6144,580,1020,2026-06-07
6145,307,1016,2026-03-26
6146,167,1005,2026-04-27
6147,898,1022,2026-05-07
6148,225,1016,2026-06-13
6149,229,1011,2026-04-30
6150,639,1016,2026-03-03
6151,493,1005,2026-04-07
6152,211,1022,2026-02-17
6153,846,1016,2026-04-03
6154,11,1021,2026-04-02
6155,31,1016,2026-02-06
6156,298,1020,2026-02-19
6157,647,1003,2026-01-12
6158,999,1003,2026-02-20
6159,203,1005,2026-02-14
6160,225,1016,2026-02-14
6161,348,1005,2026-02-15
6162,201,1005,2026-02-15
6163,864,1016,2026-01-26
6164,22,1005,2026-04-08
6165,671,1023,2026-03-28
6166,959,1018,2026-03-20
6167,468,1016,2026-04-05
6168,829,1016,2026-06-19
6169,176,1027,2026-01-17
6170,122,1015,2026-02-03
6171,814,1030,2026-02-19
6172,546,1022,2026-06-27
6173,384,1021,2026-06-03
6174,440,1005,2026-01-12
6175,782,1007,2026-05-18
6176,302,1006,2026-03-25
6177,254,1006,2026-06-11
6178,815,1002,2026-02-02
6179,872,1007,2026-02-23
6180,745,1001,2026-05-01
6181,810,1027,2026-02-12
6182,521,1023,2026-06-15
6183,770,1006,2026-05-08
6184,532,1019,2026-02-15
6185,330,1017,2026-05-15
6186,712,1018,2026-05-07
6187,486,1005,2026-05-29
6188,411,1016,2026-02-23
6189,225,1016,2026-04-26
6190,884,1004,2026-04-12
6191,224,1006,2026-04-19
6192,911,1016,2026-05-27
6193,161,1023,2026-03-07
6194,564,1010,2026-02-04
6195,770,1020,2026-03-17
6196,456,1024,2026-02-28
6197,598,1005,2026-04-30
6198,525,1005,2026-04-20
6199,462,1005,2026-04-21
6200,419,1008,2026-05-08
6201,325,1016,2026-04-08
6202,26,1013,2026-04-24
6203,240,1005,2026-06-15
6204,78,1014,2026-01-22
6205,302,1008,2026-03-12
6206,949,1020,2026-01-26
6207,122,1013,2026-04-03
6208,40,1008,2026-03-27
6209,202,1011,2026-03-06
6210,310,1018,2026-02-18
6211,723,1016,2026-05-20
6212,935,1005,2026-01-03
6213,789,1025,2026-03-14
6214,843,1016,2026-04-14
6215,969,1016,2026-05-29
6216,776,1025,2026-05-01
6217,670,1022,2026-04-12
6218,234,1011,2026-02-23
6219,486,1005,2026-05-13
6220,602,1005,2026-04-29
6221,349,1012,2026-03-22
6222,867,1023,2026-04-20
6223,789,1023,2026-02-23
6224,450,1005,2026-05-23
6225,31,1016,2026-02-05
6226,592,1010,2026-03-20
6227,966,1020,2026-05-08
6228,830,1001,2026-03-28
6229,231,1001,2026-04-19
6230,703,1012,2026-06-26
6231,551,1005,2026-03-25
6232,602,1005,2026-05-26
6233,805,1012,2026-02-05
6234,158,1002,2026-05-26
6235,645,1007,2026-04-08
6236,210,1027,2026-01-17
6237,548,1027,2026-02-18
6238,487,1005,2026-03-26
6239,584,1005,2026-06-13
6240,917,1008,2026-01-24
6241,176,1027,2026-06-22
6242,567,1022,2026-01-09
6243,847,1016,2026-01-07
6244,192,1016,2026-01-18
6245,934,1016,2026-03-14
6246,211,1023,2026-03-16
6247,676,1008,2026-04-27
6248,59,1005,2026-05-13
6249,12,1025,2026-03-25
6250,881,1013,2026-04-11
6251,161,1030,2026-02-03
6252,550,1013,2026-05-03
6253,761,1022,2026-04-10
6254,979,1020,2026-02-03
6255,892,1016,2026-03-21
6256,443,1007,2026-02-10
6257,619,1005,2026-05-31
6258,208,1016,2026-03-12
6259,207,1027,2026-02-06
6260,457,1025,2026-04-13
6261,620,1013,2026-05-15
6262,337,1012,2026-04-28
6263,474,1027,2026-01-24
6264,295,1005,2026-03-30
6265,718,1027,2026-04-11
6266,628,1002,2026-04-17
6267,256,1015,2026-06-08
6268,751,1021,2026-04-28
6269,394,1030,2026-06-28
6270,583,1012,2026-04-11
6271,716,1029,2026-03-03
6272,907,1008,2026-03-12
6273,904,1008,2026-06-20
6274,939,1016,2026-06-28
6275,744,1026,2026-05-07
6276,422,1017,2026-04-05
6277,79,1030,2026-05-10
6278,785,1009,2026-04-15
6279,462,1005,2026-03-06
6280,213,1024,2026-04-29
6281,28,1020,2026-06-13
6282,712,1019,2026-04-08
6283,352,1008,2026-02-19
6284,407,1016,2026-01-03
6285,257,1016,2026-02-04
6286,335,1005,2026-05-05
6287,473,1016,2026-01-22
6288,562,1013,2026-04-23
6289,144,1018,2026-03-13
6290,862,1003,2026-02-13
6291,859,1016,2026-06-05
6292,103,1008,2026-03-17
6293,128,1016,2026-02-13
6294,80,1026,2026-06-23
6295,280,1005,2026-04-23
6296,367,1013,2026-02-25
6297,732,1030,2026-06-22
6298,546,1013,2026-04-24
6299,714,1022,2026-06-12
6300,831,1007,2026-04-10
6301,707,1005,2026-04-24
6302,54,1021,2026-01-13
6303,791,1013,2026-02-21
6304,952,1024,2026-04-06
6305,931,1005,2026-02-21
6306,94,1014,2026-04-18
6307,29,1005,2026-03-28
6308,841,1026,2026-06-24
6309,686,1022,2026-02-26
6310,982,1005,2026-06-20
6311,172,1025,2026-01-12
6312,426,1029,2026-03-25
6313,331,1030,2026-06-09
6314,213,1019,2026-04-20
6315,124,1005,2026-02-24
6316,109,1022,2026-03-24
6317,178,1008,2026-04-13
6318,670,1013,2026-01-04
6319,399,1005,2026-04-28
6320,226,1013,2026-06-18
6321,835,1014,2026-06-16
6322,639,1016,2026-01-12
6323,69,1005,2026-04-16
6324,309,1016,2026-01-27
6325,730,1027,2026-03-06
6326,983,1018,2026-06-03
6327,333,1022,2026-06-23
6328,947,1026,2026-03-27
6329,180,1016,2026-06-20
6330,494,1014,2026-03-27
6331,19,1030,2026-04-08
6332,524,1016,2026-05-09
6333,602,1005,2026-03-01
6334,22,1005,2026-03-21
6335,243,1005,2026-03-04
6336,635,1004,2026-01-16
6337,141,1027,2026-05-08
6338,304,1024,2026-02-08
6339,385,1005,2026-06-14
6340,39,1003,2026-06-03
6341,969,1016,2026-03-26
6342,138,1020,2026-03-23
6343,660,1019,2026-05-14
6344,811,1028,2026-06-15
6345,833,1001,2026-01-07
6346,235,1024,2026-03-29
6347,249,1020,2026-05-19
6348,56,1005,2026-06-25
6349,713,1005,2026-06-05
6350,894,1016,2026-05-14
6351,330,1019,2026-04-24
6352,645,1006,2026-01-17
6353,891,1016,2026-01-18
6354,977,1021,2026-01-14
6355,650,1005,2026-02-22
6356,129,1005,2026-02-14
6357,607,1009,2026-03-02
6358,520,1006,2026-04-20
6359,743,1005,2026-03-21
6360,169,1016,2026-03-04
6361,435,1005,2026-06-05
6362,255,1005,2026-03-15
6363,591,1005,2026-06-12
6364,207,1012,2026-05-04
6365,82,1014,2026-04-12
6366,387,1026,2026-05-01
6367,452,1026,2026-05-10
6368,625,1005,2026-02-09
6369,840,1007,2026-01-06
6370,781,1005,2026-04-20
6371,875,1021,2026-03-18
6372,610,1014,2026-05-22
6373,745,1027,2026-03-07
6374,390,1005,2026-03-20
6375,465,1014,2026-04-07
6376,576,1017,2026-01-19
6377,342,1017,2026-05-01
6378,201,1005,2026-02-18
6379,5,1016,2026-05-09
6380,748,1019,2026-05-06
6381,415,1028,2026-04-12
6382,994,1027,2026-04-09
6383,502,1007,2026-06-14
6384,603,1007,2026-04-15
6385,907,1020,2026-02-01
6386,395,1015,2026-02-19
6387,782,1021,2026-03-07
6388,790,1018,2026-05-11
6389,727,1023,2026-06-12
6390,706,1016,2026-06-28
6391,60,1016,2026-04-19
6392,754,1005,2026-03-04
6393,490,1016,2026-04-03
6394,647,1014,2026-06-28
6395,682,1016,2026-03-08
6396,620,1013,2026-06-24
6397,151,1019,2026-03-05
6398,617,1025,2026-01-04
6399,120,1006,2026-06-14
6400,729,1020,2026-04-12
6401,724,1007,2026-05-13
6402,932,1005,2026-04-19
6403,170,1030,2026-03-06
6404,709,1005,2026-05-09
6405,991,1016,2026-05-31
6406,316,1022,2026-01-23
6407,112,1025,2026-02-06
6408,276,1016,2026-04-12
6409,716,1029,2026-01-02
6410,173,1002,2026-01-01
6411,100,1010,2026-06-28
6412,428,1010,2026-06-17
6413,296,1005,2026-02-13
6414,181,1026,2026-02-17
6415,721,1015,2026-02-20
6416,499,1022,2026-05-09
6417,972,1016,2026-04-26
6418,581,1005,2026-02-17
6419,206,1016,2026-02-16
6420,829,1016,2026-03-08
6421,924,1016,2026-04-23
6422,642,1002,2026-06-12
6423,171,1016,2026-03-17
6424,88,1030,2026-02-01
6425,284,1005,2026-03-29
6426,31,1016,2026-05-03
6427,497,1008,2026-01-03
6428,63,1004,2026-01-02
6429,682,1016,2026-01-25
6430,217,1016,2026-04-07
6431,618,1002,2026-05-05
6432,485,1024,2026-06-04
6433,440,1005,2026-04-05
6434,699,1011,2026-03-22
6435,837,1017,2026-04-03
6436,682,1016,2026-04-07
6437,626,1005,2026-04-02
6438,895,1030,2026-01-26
6439,4,1016,2026-06-28
6440,412,1024,2026-01-07
6441,617,1022,2026-05-16
6442,287,1016,2026-04-05
6443,463,1016,2026-05-12
6444,424,1011,2026-01-01
6445,654,1026,2026-01-05
6446,649,1016,2026-01-12
6447,993,1027,2026-06-23
6448,455,1005,2026-06-05
6449,497,1020,2026-06-06
6450,814,1013,2026-03-31
6451,439,1018,2026-06-18
6452,878,1017,2026-04-09
6453,301,1025,2026-02-06
6454,891,1016,2026-02-02
6455,510,1029,2026-03-19
6456,853,1016,2026-02-13
6457,918,1030,2026-01-30
6458,494,1014,2026-03-04
6459,217,1016,2026-06-18
6460,717,1019,2026-01-28
6461,446,1016,2026-02-11
6462,952,1018,2026-04-09
6463,785,1011,2026-02-26
6464,737,1008,2026-06-20
6465,488,1016,2026-06-20
6466,140,1005,2026-01-24
6467,815,1014,2026-02-27
6468,955,1025,2026-06-14
6469,352,1007,2026-04-08
6470,670,1023,2026-03-01
6471,229,1004,2026-01-30
6472,298,1026,2026-01-29
6473,92,1022,2026-06-01
6474,960,1016,2026-01-30
6475,587,1002,2026-02-02
6476,874,1013,2026-04-08
6477,591,1005,2026-03-21
6478,64,1012,2026-04-10
6479,434,1016,2026-04-04
6480,817,1009,2026-05-14
6481,680,1024,2026-01-28
6482,405,1016,2026-05-18
6483,873,1005,2026-03-22
6484,149,1021,2026-02-26
6485,512,1018,2026-02-07
6486,616,1005,2026-02-07
6487,765,1016,2026-06-03
6488,328,1005,2026-05-09
6489,706,1016,2026-03-12
6490,869,1013,2026-06-11
6491,849,1023,2026-05-07
6492,299,1002,2026-01-16
6493,830,1012,2026-02-09
6494,848,1016,2026-02-27
6495,718,1004,2026-02-15
6496,878,1010,2026-04-11
6497,307,1016,2026-01-06
6498,562,1013,2026-03-28
6499,433,1005,2026-03-31
6500,776,1025,2026-04-11
6501,74,1013,2026-03-14
6502,714,1015,2026-06-29
6503,877,1021,2026-01-25
6504,135,1004,2026-05-29
6505,887,1001,2026-03-19
6506,469,1022,2026-05-28
6507,141,1029,2026-06-28
6508,495,1027,2026-02-07
6509,215,1005,2026-02-20
6510,753,1006,2026-04-03
6511,744,1021,2026-06-23
6512,805,1028,2026-04-07
6513,974,1006,2026-06-23
6514,862,1014,2026-01-15
6515,99,1018,2026-05-02
6516,184,1016,2026-01-31
6517,528,1005,2026-06-01
6518,445,1023,2026-06-10
6519,740,1015,2026-03-04
6520,35,1029,2026-03-03
6521,407,1016,2026-03-19
6522,705,1029,2026-06-17
6523,764,1019,2026-06-27
6524,815,1017,2026-04-29
6525,886,1005,2026-03-12
6526,648,1016,2026-04-05
6527,12,1015,2026-01-30
6528,85,1001,2026-05-06
6529,657,1013,2026-01-06
6530,601,1005,2026-03-12
6531,711,1016,2026-06-01
6532,186,1023,2026-05-04
6533,661,1016,2026-03-18
6534,586,1016,2026-01-26
6535,334,1021,2026-05-18
6536,190,1026,2026-06-29
6537,21,1016,2026-05-23
6538,838,1015,2026-01-17
6539,532,1010,2026-02-23
6540,989,1020,2026-02-16
6541,883,1005,2026-01-02
6542,569,1010,2026-03-22
6543,126,1021,2026-02-02
6544,589,1003,2026-06-17
6545,166,1016,2026-05-24
6546,263,1008,2026-01-22
6547,128,1016,2026-04-04
6548,990,1004,2026-04-19
6549,968,1025,2026-03-05
6550,308,1001,2026-05-13
6551,927,1015,2026-06-18
6552,547,1025,2026-02-05
6553,591,1005,2026-06-27
6554,321,1018,2026-06-05
6555,552,1005,2026-06-26
6556,102,1014,2026-03-02
6557,38,1011,2026-02-06
6558,307,1016,2026-02-04
6559,617,1015,2026-06-01
6560,368,1028,2026-02-02
6561,747,1016,2026-01-20
6562,564,1010,2026-03-08
6563,391,1012,2026-04-13
6564,468,1016,2026-03-07
6565,693,1015,2026-06-27
6566,147,1016,2026-01-19
6567,645,1020,2026-06-12
6568,714,1030,2026-04-06
6569,578,1005,2026-04-18
6570,842,1016,2026-03-22
6571,807,1011,2026-04-08
6572,27,1016,2026-01-20
6573,277,1016,2026-05-17
6574,113,1014,2026-01-17
6575,338,1016,2026-04-03
6576,932,1005,2026-03-11
6577,150,1002,2026-03-12
6578,11,1021,2026-04-07
6579,993,1028,2026-04-07
6580,975,1005,2026-02-01
6581,180,1016,2026-05-31
6582,842,1016,2026-01-25
6583,542,1005,2026-06-29
6584,586,1016,2026-05-22
6585,278,1026,2026-01-13
6586,175,1028,2026-04-10
6587,186,1023,2026-06-23
6588,992,1005,2026-05-03
6589,607,1009,2026-03-08
6590,10,1005,2026-06-18
6591,130,1007,2026-04-07
6592,582,1005,2026-01-14
6593,941,1005,2026-03-05
6594,695,1005,2026-06-30
6595,469,1022,2026-04-23
6596,363,1030,2026-05-09
6597,294,1023,2026-04-20
6598,534,1009,2026-03-20
6599,651,1015,2026-03-20
6600,417,1023,2026-01-24
6601,650,1005,2026-01-20
6602,748,1017,2026-01-24
6603,170,1015,2026-01-22
6604,762,1015,2026-05-22
6605,952,1003,2026-01-03
6606,986,1029,2026-06-23
6607,521,1013,2026-05-03
6608,510,1012,2026-04-14
6609,15,1005,2026-01-02
6610,732,1023,2026-06-29
6611,548,1028,2026-03-04
6612,757,1028,2026-06-05
6613,460,1007,2026-06-22
6614,953,1025,2026-02-14
6615,77,1017,2026-02-04
6616,527,1008,2026-01-14
6617,433,1005,2026-04-08
6618,175,1012,2026-01-29
6619,347,1016,2026-05-19
6620,872,1007,2026-03-16
6621,307,1016,2026-03-17
6622,272,1024,2026-01-01
6623,756,1016,2026-02-25
6624,946,1016,2026-06-14
6625,528,1005,2026-04-29
6626,914,1022,2026-01-15
6627,365,1024,2026-06-07
6628,472,1005,2026-03-18
6629,363,1025,2026-01-02
6630,359,1016,2026-04-13
6631,364,1016,2026-01-26
6632,442,1005,2026-02-20
6633,87,1016,2026-04-16
6634,127,1025,2026-01-02
6635,160,1019,2026-02-27
6636,482,1005,2026-04-06
6637,307,1016,2026-04-20
6638,914,1013,2026-05-18
6639,832,1025,2026-01-28
6640,450,1005,2026-02-11
6641,144,1010,2026-04-22
6642,6,1005,2026-02-20
6643,114,1008,2026-03-14
6644,42,1013,2026-04-12
6645,432,1008,2026-01-09
6646,165,1017,2026-05-03
6647,983,1014,2026-01-31
6648,432,1020,2026-05-21
6649,508,1020,2026-03-25
6650,770,1021,2026-05-09
6651,744,1020,2026-02-03
6652,113,1003,2026-01-06
6653,130,1020,2026-03-30
6654,513,1018,2026-06-25
6655,243,1005,2026-06-23
6656,850,1005,2026-04-20
6657,1000,1022,2026-04-22
6658,492,1030,2026-03-14
6659,498,1016,2026-04-20
6660,254,1008,2026-05-11
6661,192,1016,2026-03-13
6662,786,1025,2026-03-09
6663,718,1029,2026-06-20
6664,841,1008,2026-02-20
6665,486,1005,2026-06-29
6666,748,1017,2026-02-18
6667,876,1016,2026-02-28
6668,124,1005,2026-04-13
6669,40,1008,2026-02-19
6670,952,1018,2026-04-20
6671,19,1013,2026-01-24
6672,886,1005,2026-04-08
6673,418,1016,2026-06-29
6674,649,1016,2026-02-26
6675,345,1016,2026-05-03
6676,63,1009,2026-06-14
6677,53,1026,2026-01-29
6678,276,1016,2026-03-13
6679,966,1020,2026-04-18
6680,253,1002,2026-01-13
6681,187,1026,2026-01-01
6682,54,1026,2026-02-24
6683,293,1012,2026-03-13
6684,931,1005,2026-04-21
6685,190,1026,2026-05-06
6686,373,1005,2026-03-19
6687,115,1006,2026-06-21
6688,14,1016,2026-03-26
6689,370,1030,2026-05-31
6690,542,1005,2026-03-02
6691,666,1026,2026-02-23
6692,599,1016,2026-01-23
6693,909,1014,2026-02-03
6694,645,1020,2026-01-11
6695,601,1005,2026-02-19
6696,722,1005,2026-01-26
6697,77,1018,2026-03-19
6698,743,1005,2026-02-21
6699,547,1015,2026-01-12
6700,131,1005,2026-04-18
6701,564,1017,2026-05-24
6702,999,1003,2026-04-04
6703,460,1007,2026-04-22
6704,70,1005,2026-04-18
6705,537,1007,2026-02-12
6706,614,1024,2026-06-28
6707,991,1016,2026-03-16
6708,47,1013,2026-06-27
6709,195,1005,2026-05-07
6710,702,1018,2026-02-12
6711,449,1029,2026-05-24
6712,799,1005,2026-04-13
6713,622,1005,2026-02-22
6714,189,1009,2026-02-10
6715,586,1016,2026-06-01
6716,714,1025,2026-05-12
6717,467,1010,2026-03-19
6718,873,1005,2026-03-17
6719,726,1005,2026-05-22
6720,122,1030,2026-02-27
6721,47,1025,2026-03-16
6722,41,1029,2026-03-13
6723,950,1011,2026-03-11
6724,895,1022,2026-06-14
6725,255,1005,2026-05-17
6726,119,1030,2026-06-16
6727,356,1016,2026-03-25
6728,86,1003,2026-02-04
6729,419,1026,2026-03-25
6730,59,1005,2026-04-02
6731,225,1016,2026-02-15
6732,263,1007,2026-05-18
6733,674,1015,2026-06-26
6734,392,1005,2026-06-10
6735,650,1005,2026-04-24
6736,226,1030,2026-03-10
6737,209,1005,2026-02-09
6738,457,1013,2026-04-22
6739,378,1021,2026-05-03
6740,96,1016,2026-02-16
6741,471,1006,2026-02-15
6742,194,1016,2026-02-16
6743,664,1028,2026-01-06
6744,318,1005,2026-02-15
6745,838,1022,2026-06-25
6746,623,1025,2026-01-18
6747,147,1016,2026-04-20
6748,252,1023,2026-06-15
6749,994,1012,2026-01-26
6750,742,1017,2026-01-04
6751,618,1019,2026-04-07
6752,394,1013,2026-01-29
6753,847,1016,2026-06-14
6754,958,1014,2026-02-03
6755,255,1005,2026-03-10
6756,147,1016,2026-01-03
6757,981,1016,2026-05-19
6758,754,1005,2026-01-22
6759,208,1016,2026-05-03
6760,778,1016,2026-02-11
6761,315,1012,2026-05-03
6762,159,1012,2026-01-15
6763,557,1011,2026-06-10
6764,557,1012,2026-01-06
6765,845,1021,2026-01-27
6766,558,1017,2026-01-27
6767,524,1016,2026-02-06
6768,2,1027,2026-01-07
6769,233,1030,2026-04-09
6770,151,1010,2026-06-17
6771,294,1022,2026-06-25
6772,394,1030,2026-05-06
6773,174,1026,2026-02-27
6774,105,1012,2026-04-02
6775,79,1025,2026-01-31
6776,370,1023,2026-01-12
6777,620,1013,2026-02-15
6778,439,1010,2026-06-03
6779,186,1022,2026-02-08
6780,915,1005,2026-06-09
6781,838,1030,2026-03-31
6782,897,1027,2026-03-11
6783,939,1016,2026-06-19
6784,378,1020,2026-01-20
6785,808,1004,2026-02-08
6786,797,1025,2026-03-23
6787,152,1005,2026-04-25
6788,739,1004,2026-01-18
6789,116,1019,2026-03-13
6790,149,1020,2026-03-24
6791,131,1005,2026-04-09
6792,362,1001,2026-05-07
6793,435,1005,2026-06-27
6794,997,1009,2026-06-04
6795,813,1012,2026-02-05
6796,822,1016,2026-04-09
6797,429,1001,2026-05-18
6798,547,1022,2026-05-17
6799,550,1013,2026-04-09
6800,86,1014,2026-05-15
6801,592,1019,2026-06-29
6802,90,1013,2026-04-03
6803,3,1008,2026-01-05
6804,372,1030,2026-02-04
6805,944,1016,2026-01-16
6806,934,1016,2026-04-03
6807,870,1012,2026-03-17
6808,472,1005,2026-05-22
6809,996,1011,2026-03-04
6810,216,1016,2026-01-15
6811,765,1016,2026-01-31
6812,986,1001,2026-04-07
6813,751,1020,2026-06-28
6814,989,1020,2026-04-06
6815,56,1005,2026-06-19
6816,596,1030,2026-05-03
6817,858,1016,2026-01-08
6818,151,1002,2026-02-06
6819,81,1028,2026-01-20
6820,13,1021,2026-02-08
6821,784,1004,2026-05-01
6822,762,1030,2026-05-16
6823,716,1009,2026-05-01
6824,422,1002,2026-04-24
6825,801,1024,2026-03-15
6826,114,1006,2026-01-16
6827,903,1001,2026-06-04
6828,770,1007,2026-05-09
6829,165,1010,2026-04-12
6830,853,1016,2026-06-24
6831,971,1025,2026-05-22
6832,729,1006,2026-05-27
6833,514,1013,2026-02-28
6834,434,1016,2026-03-11
6835,997,1029,2026-05-14
6836,387,1021,2026-02-24
6837,411,1016,2026-02-26
6838,402,1012,2026-05-24
6839,620,1013,2026-06-27
6840,480,1009,2026-03-22
6841,669,1020,2026-04-08
6842,169,1016,2026-04-06
6843,663,1013,2026-02-19
6844,277,1016,2026-01-27
6845,80,1020,2026-06-04
6846,798,1011,2026-01-08
6847,246,1028,2026-02-11
6848,555,1026,2026-01-17
6849,217,1016,2026-03-21
6850,193,1020,2026-06-13
6851,952,1024,2026-03-03
6852,276,1016,2026-05-26
6853,579,1005,2026-05-25
6854,810,1009,2026-01-12
6855,50,1027,2026-01-24
6856,967,1019,2026-01-03
6857,366,1022,2026-04-12
6858,513,1010,2026-03-22
6859,770,1021,2026-04-02
6860,998,1025,2026-06-29
6861,691,1015,2026-03-26
6862,418,1016,2026-05-09
6863,827,1017,2026-01-07
6864,602,1005,2026-05-03
6865,601,1005,2026-03-16
6866,166,1016,2026-06-24
6867,475,1026,2026-06-10
6868,96,1016,2026-02-25
6869,827,1002,2026-02-11
6870,987,1007,2026-04-25
6871,805,1001,2026-03-28
6872,298,1021,2026-06-09
6873,877,1008,2026-01-11
6874,913,1018,2026-03-03
6875,214,1014,2026-02-09
6876,581,1005,2026-01-25
6877,825,1020,2026-02-06
6878,785,1029,2026-05-21
6879,889,1019,2026-05-08
6880,97,1017,2026-03-22
6881,174,1021,2026-02-11
6882,70,1005,2026-05-28
6883,373,1005,2026-01-23
6884,73,1003,2026-04-28
6885,265,1016,2026-03-07
6886,782,1020,2026-06-16
6887,947,1021,2026-02-01
6888,996,1004,2026-01-11
6889,373,1005,2026-04-13
6890,419,1008,2026-04-23
6891,376,1008,2026-04-06
6892,86,1014,2026-05-10
6893,461,1025,2026-06-24
6894,44,1016,2026-03-04
6895,717,1019,2026-02-09
6896,874,1025,2026-03-16
6897,385,1005,2026-05-26
6898,409,1026,2026-02-27
6899,398,1020,2026-06-21
6900,96,1016,2026-04-30
6901,480,1009,2026-01-28
6902,88,1015,2026-01-28
6903,940,1025,2026-04-21
6904,205,1020,2026-03-26
6905,67,1027,2026-03-29
6906,619,1005,2026-02-24
6907,720,1005,2026-01-30
6908,286,1029,2026-01-10
6909,559,1005,2026-05-01
6910,150,1017,2026-03-23
6911,582,1005,2026-06-03
6912,793,1005,2026-01-16
6913,959,1003,2026-04-21
6914,485,1014,2026-01-14
6915,217,1016,2026-06-25
6916,434,1016,2026-03-06
6917,651,1030,2026-01-22
6918,146,1004,2026-03-12
6919,415,1028,2026-03-18
6920,895,1022,2026-04-18
6921,538,1016,2026-06-21
6922,915,1005,2026-02-17
6923,851,1024,2026-01-24
6924,917,1006,2026-03-29
6925,987,1020,2026-02-12
6926,204,1005,2026-04-18
6927,494,1017,2026-05-18
6928,706,1016,2026-06-28
6929,448,1005,2026-06-27
6930,585,1028,2026-01-03
6931,575,1021,2026-01-20
6932,741,1008,2026-03-24
6933,681,1016,2026-01-04
6934,155,1015,2026-02-07
6935,512,1014,2026-01-30
6936,812,1023,2026-03-09
6937,534,1011,2026-04-26
6938,966,1006,2026-06-12
6939,461,1015,2026-01-10
6940,224,1006,2026-04-18
6941,714,1030,2026-06-03
6942,387,1007,2026-03-31
6943,215,1005,2026-06-23
6944,591,1005,2026-04-05
6945,834,1029,2026-01-05
6946,310,1003,2026-05-09
6947,839,1028,2026-06-29
6948,512,1024,2026-04-16
6949,421,1011,2026-04-01
6950,849,1025,2026-05-14
6951,998,1025,2026-01-30
6952,949,1021,2026-04-28
6953,439,1019,2026-02-15
6954,567,1015,2026-05-19
6955,447,1009,2026-03-14
6956,866,1026,2026-06-12
6957,291,1013,2026-01-23
6958,826,1013,2026-01-23
6959,666,1026,2026-06-07
6960,955,1025,2026-01-27
6961,509,1001,2026-06-12
6962,455,1005,2026-06-20
6963,297,1016,2026-02-24
6964,229,1027,2026-05-22
6965,391,1004,2026-02-20
6966,877,1006,2026-02-01
6967,360,1020,2026-04-16
6968,930,1008,2026-01-02
6969,963,1016,2026-02-27
6970,520,1006,2026-03-10
6971,901,1028,2026-03-20
6972,859,1016,2026-06-22
6973,248,1005,2026-04-17
6974,34,1005,2026-01-07
6975,158,1002,2026-05-13
6976,840,1026,2026-03-27
6977,175,1011,2026-03-03
6978,570,1028,2026-02-19
6979,632,1008,2026-01-14
6980,821,1014,2026-02-02
6981,962,1014,2026-02-14
6982,413,1015,2026-05-13
6983,163,1006,2026-03-01
6984,102,1002,2026-05-10
6985,122,1023,2026-06-10
6986,939,1016,2026-05-22
6987,163,1026,2026-02-22
6988,96,1016,2026-01-07
6989,448,1005,2026-06-10
6990,789,1025,2026-01-08
6991,633,1005,2026-05-27
6992,392,1005,2026-02-03
6993,465,1018,2026-02-17
6994,246,1027,2026-03-18
6995,199,1022,2026-04-07
6996,789,1025,2026-06-18
6997,53,1026,2026-01-22
6998,958,1003,2026-06-10
6999,24,1016,2026-01-29
7000,471,1021,2026-01-28
